Mock Name,Session,Subject,Question,Option A,Option B,Option C,Correct Answer
Mock Exam 2,1,Ethical & Professional Standards,Question 1: Which of the following is a violation according to the Standard relating to preservation of confidentiality?,Members share details relating to former clients with third party service providers,Members convey to clients that not all firm-sponsored resources may be appropriate for communicating confidential information,"When allowed under the law, members share confidential client information to defend themselves in an investigation by the CFA Institute Professional Conduct Program",A
Mock Exam 2,1,Ethical & Professional Standards,Question 2: Which of the following is most accurate according to the Standard relating to knowledge of the law? Members are required to:,dissociate from client activities they believe are unethical.,have detailed knowledge of all the laws that could potentially govern their activities.,report potential violations of the Code and Standards committed by fellow members to the CFA Institute Professional Conduct Program.,A
Mock Exam 2,1,Ethical & Professional Standards,"Question 3: Robert Dowling, CFA, is part of a research team. Dowling's team has recommended a “buy” rating on a company, but Dowling does not agree with the recommendation. To comply with the Standard relating to diligence and reasonable basis, Dowling:",must decline to be identified with the report.,must ensure that the report reflects his opinion.,may continue to be identified with the report as long as the recommendation has a reasonable basis.,C
Mock Exam 2,1,Ethical & Professional Standards,"Question 4: Daniel Morgan is a Level III candidate in the CFA Program. After taking the exam, Morgan signs into a CFA-candidate-only Internet forum and writes a post expressing the opinion that the CFA Program and examination policies are unfair. Has Morgan most likely violated the Standards?",No.,"Yes, by providing confidential program information.","Yes, by compromising the reputation of CFA Institute.",A
Mock Exam 2,1,Ethical & Professional Standards,Question 5: Which of the following is a recommended procedure for members to meet their obligations under the Standard relating to performance presentation?,Members should use a single representative account for each investment mandate while presenting performance history,Members should consider the knowledge and sophistication of the audience to whom the performance history is being presented,Members should exclude terminated accounts while presenting performance history with an indication of when the accounts were terminated,B
Mock Exam 2,1,Ethical & Professional Standards,"Question 6: According to the Standard relating to loyalty, prudence, and care, members are most likely required to:",vote all proxies on behalf of clients even if some proxies offer no direct client benefit.,avoid the use of soft dollars unless the services purchased have corresponding benefit for the client.,"consider each investment based solely on its characteristics, independently of other portfolio assets.",B
Mock Exam 2,1,Ethical & Professional Standards,"Question 7: According to the GIPS standards, compliance may be claimed only:",after verification has been performed.,if the firm is compliant on a firm-wide basis.,with respect to specific composites and not to individual portfolios.,B
Mock Exam 2,1,Ethical & Professional Standards,"Question 8: According to the Standard relating to additional compensation agreements, a member is required to obtain permission from her employer before accepting benefits from third parties:",only for services rendered to her employer.,only for services that might create a conflict with her employer's interest.,both for services rendered to her employer and for services that might create a conflict with her employer’s interest.,C
Mock Exam 2,1,Ethical & Professional Standards,"Question 9: Diana Fairbanks, CFA, is married to an auditor who is employed at a large accounting firm. When her husband mentions that a computer firm he audits will receive a qualified opinion she thinks nothing of it. Later that week when she reviews a new client account she notices that there are substantial holdings of this computer firm. When she does a thorough internet search for news on the company, she does not find anything about its most recent audit or any other adverse information. Which of the following actions concerning the computer stock should Fairbanks most likely take to avoid violating the CFA Institute Standards of Professional Conduct?",Take no investment action,Complete a thorough and diligent analysis of the company and then sell the stock,Sell the stock immediately as she has a reasonable basis for taking this investment action,A
Mock Exam 2,1,Ethical & Professional Standards,"Question 10: If a member self-discloses a matter that questions his professional conduct in his annual statement to the CFA Institute, an initial investigation is conducted by the:",Standard of Practice Council.,Disciplinary Review Committee.,Professional Conduct Program staff.,C
Mock Exam 2,1,Ethical & Professional Standards,"Question 11: A firm manages $500 million in large-cap equity portfolios. Of this, non-fee-paying portfolios amount to $50 million, and fee-paying non-discretionary portfolios total $75 million. To be compliant with the GIPS standards, the firm must present the value of its large-cap composite as:",$375 million.,$425 million.,$450 million.,A
Mock Exam 2,1,Ethical & Professional Standards,"Question 12: Which of the following is among the recommended procedures for compliance with the Standard relating to misconduct?
Procedure 1: Disseminate to all employees a list of past violations together with disciplinary actions.
Procedure 2: Check references of potential employees to ensure that they are of good character.",Procedure 1 only,Procedure 2 only,Both Procedure 1 and Procedure 2,B
Mock Exam 2,1,Ethical & Professional Standards,"Question 13: A member is developing allocation procedures for block trades and new issues. According to the recommended procedures for compliance with the Standard relating to fair dealing, the member's allocation procedures should involve:",prohibiting consideration of advanced interest when allocating trades for new issues.,"bundling orders on a first-in, first-out basis for efficiency as appropriate for the asset class.","giving client accounts participating in a block trade, execution prices corresponding to order arrival time.",B
Mock Exam 2,1,Ethical & Professional Standards,"Question 14: Ming Mei Xu, CFA, who is a well-known analyst, issues a buy recommendation on a small-cap stock. Xu shares her recommendation with the public two days after communicating the recommendation with her clients. The public dissemination leads to a significant increase in the stock price. Trevor Thomas, CFA, one of Xu's clients, buys a large position in the stock. Thomas sells the entire position for a profit a month later. His action leads to a significant decline in the stock price. Has the Standard relating to market manipulation been violated?",No,"Yes, by Xu","Yes, by Thomas",A
Mock Exam 2,1,Ethical & Professional Standards,"Question 15: Michael Pak has recently retired from the investment business. A CFA Institute member for 20 years, Pak has decided not to pay his CFA Institute dues or file the annual Professional Conduct Statement. Applying to join the investment committee of a charitable organization, Pak writes: “I was a CFA Institute member for 20 years.” Has Pak most likely violated the Standards?",No,"Yes, the Standard relating to conduct as participants in CFA Institute programs","Yes, the Standard relating to reference to CFA Institute, the CFA designation, and the CFA Program",A
Mock Exam 2,1,Ethical & Professional Standards,"Question 16: According to the Standard relating to loyalty, members must:",subordinate any personal obligations to their work.,place the interests of their employer below the interests of clients.,refrain from entering into an independent business while still employed.,B
Mock Exam 2,1,Ethical & Professional Standards,"Question 17: Yun Hae, CFA, is a portfolio manager at Citadel Capital (CC). Hae’s brother maintains a fee-paying retirement account at CC. Hae has no beneficial ownership in her brother’s account. Whenever an IPO becomes available that is suitable for her clients, Hae first allocates shares to other clients before placing any remaining shares in her brother’s account. She adopts this procedure to avoid potential conflicts of interest. Hae's actions violate the Standard(s) relating:",only to fair dealing.,only to priority of transactions.,both to fair dealing and to priority of transactions.,C
Mock Exam 2,1,Ethical & Professional Standards,"Question 18: To claim compliance with the GIPS standards, a firm that has been in existence for two years must:",wait one year to present three years of GIPS-compliant performance.,wait three years to present five years of GIPS-compliant performance.,initially present GIPS-compliant performance since the firm's inception date.,C
Mock Exam 2,1,Ethical & Professional Standards,"Question 19: Which of the following is consistent with the recommended procedures for compliance with the Standard relating to referral fees?
Statement 1: ""Investment professionals should provide to their clients notification of approved referral fee programs.""
Statement 2: ""Members should provide their employer at least annual updates on the amount and nature of compensation received.""",Statement 1 only,Statement 2 only,Both Statement 1 and Statement 2,A
Mock Exam 2,1,Ethical & Professional Standards,Question 20: Which of the following is a recommended procedure for compliance with the Standard relating to responsibilities of supervisors? Members should encourage their firms to:,adopt a code of ethics that addresses general fiduciary concepts.,provide the firm's clients with a copy of detailed compliance procedures.,commingle the firm's code of ethics with its detailed compliance procedures.,A
Mock Exam 2,1,Ethical & Professional Standards,Question 21: Which of the following claims can an asset management firm most likely make regarding GIPS standards?,Claim GIPS compliance using the GIPS Compliance Statement,State that the firm will achieve GIPS compliance by a future date,Claim partial GIPS compliance with details on areas of non-compliance,A
Mock Exam 2,1,Ethical & Professional Standards,"Question 22: According to the Standard relating to suitability, a member should update a client's Investment Policy Statement at least:",quarterly.,semiannually.,annually.,C
Mock Exam 2,1,Ethical & Professional Standards,"Question 23: Ann Collins, CFA, manages a fund for Kreet Investments (KI). KI provides a retirement plan for employees offering a choice of ten large diversified mutual funds. The choices include two funds managed by KI employees. Collins changes her personal investment allocation to the two funds managed by her colleagues without disclosing the change to KI or to her clients. Has Collins violated the Standard relating to avoid or disclose conflicts?",No,"Yes, by failing to disclose the allocation change to KI","Yes, by failing to disclose the allocation change to her clients",A
Mock Exam 2,1,Ethical & Professional Standards,"Question 24: John Clark, CFA, starts a new job and re-creates a research report on a company he covered at his previous employer. He uses information gathered directly from the covered company. He also uses his personal notes taken while working at his previous employer. Has Clark violated the Standard relating to record retention?",No,"Yes, because he uses information he gathered directly from the covered company","Yes, because he uses his personal notes taken while working at his previous employer",C
Mock Exam 2,1,Ethical & Professional Standards,"Question 25: According to the Standard relating to misrepresentation, a member is most likely required to:",disclose his intended use of an external manager.,always provide a benchmark for investment strategies.,provide attribution to a member who is no longer with the firm when issuing a report.,A
Mock Exam 2,1,Ethical & Professional Standards,"Question 26: With respect to issuer-paid research, members are not required to:",strictly limit the type of compensation they accept from the covered company.,fully disclose the nature of compensation received from the covered company.,accept compensation related only to investment performance of the covered company.,C
Mock Exam 2,1,Ethical & Professional Standards,"Question 27: Joanne Rosewood, CFA, replaces one of the third-party advisers she uses to manage her clients' portfolios with an internal investment manager. Rosewood does not notify her clients because she has no change in her investment strategy. Has Rosewood most likely violated the Standard relating to:",communication with clients and prospective clients.,"loyalty, prudence, and care.",avoid or disclose conflicts.,A
Mock Exam 2,1,Economics,"Question 28: For a non-colluding oligopoly in a price war market, competitors are most likely to:",match a rival's price reduction and ignore a rival's price increase.,ignore a rival's price reduction and match a rival's price increase.,match both a rival's price reduction as well as a rival's price increase.,A
Mock Exam 2,1,Quantitative Methods,Question 29: Which of the following sampling methods involves selecting every kth member from a population until a desired sample size is obtained?,Cluster sampling,Systematic sampling,Convenience sampling,B
Mock Exam 2,1,Financial Statement Analysis,"Question 30: In the year of a change in accounting policy, comparability of the presented financial statements is best with:",prospective application.,retrospective application.,modified retrospective application.,B
Mock Exam 2,1,Quantitative Methods,"Question 31: An analyst calculates a portfolio's target semideviation of returns over twelve consecutive months, including seven months of below-target returns. The sum of the squared deviations below the target is 42%². The target semideviation is closest to:",1.87%.,1.95%.,2.65%.,B
Mock Exam 2,1,Corporate Issuers,Question 32: Which of the following mature companies is most likely to use the greatest amount of leverage in its capital structure?,Mining company,Software company,Shipping company,C
Mock Exam 2,1,Corporate Issuers,Question 33: Which of the following statements about company stakeholders is most accurate?,Debtholders tend to prefer that a company raise more equity,Shareholder-debtholder conflict is greater for short-term creditors,Shareholders are more likely than debtholders to impose contractual limits on leverage,A
Mock Exam 2,1,Economics,Question 34: Which of the following market structures most likely has the greatest elasticity of demand?,Oligopoly,Perfect competition,Monopolistic competition,B
Mock Exam 2,1,Corporate Issuers,Question 35: Which of the following is an assumption of Modigliani and Miller’s propositions regarding capital structure?,Investors have homogeneous expectations,Investors can borrow and lend at a zero interest rate,Financing decisions depend on investment decisions,A
Mock Exam 2,1,Economics,"Question 36: In geopolitics, cabotage is best described as a:",financial tool.,multi-tool approach.,national security tool.,B
Mock Exam 2,1,Economics,Question 37: A policy rate that is neutral will become contractionary if trend growth:,increases and expected inflation increases.,decreases and expected inflation remains the same.,decreases and expected inflation increases by the same amount.,B
Mock Exam 2,1,Financial Statement Analysis,"Question 38: An analyst gathers the following information (in € millions) about a company's 3-year construction contract:

| Item | Amount |
|---|---:|
| Contract price | 108 |
| Actual costs incurred in Year 1 | 28 |
| Bonus for on-time completion | 6 |

Costs are an appropriate measure of progress toward completion. The construction company has only limited experience with similar contracts and knows that many factors outside its control could cause delay. Assuming it is highly probable that revenue will not be subsequently reversed, revenue (in € millions) recognized in Year 1 is most likely:",0.,43.2.,45.6.,B
Mock Exam 2,1,Financial Statement Analysis,Question 39: The amount of time that elapses from the point at which the company invests in working capital until the point at which the company collects cash is:,net operating cycle.,defensive interval ratio.,number of days of sales outstanding.,A
Mock Exam 2,1,Economics,"Question 40: In the recovery phase of the business cycle, the economy is most likely:",enjoying an upswing and a positive output gap opens.,going through a trough and a positive output gap opens.,going through a trough and a negative output gap starts to narrow.,C
Mock Exam 2,1,Financial Statement Analysis,"Question 41: In periods of rising prices and increasing inventory quantities, using the last-in, first-out (LIFO) inventory valuation method instead of the first-in, first-out (FIFO) inventory valuation method most likely increases:",total assets.,cost of goods sold.,days of inventory on hand.,B
Mock Exam 2,1,Corporate Issuers,Question 42: Risks associated with supplier relationships are typically mitigated through:,contracts.,regulation.,board representation.,A
Mock Exam 2,1,Economics,Question 43: An increase in utility for a company's products as these products become more widely adopted best describes:,network effects.,operating leverage.,product differentiation.,A
Mock Exam 2,1,Financial Statement Analysis,"Question 44: If inventory that was written down in a previous reporting period subsequently increases in value, the amount of the original write-down can be reversed under:",IFRS only.,US GAAP only.,both IFRS and US GAAP.,A
Mock Exam 2,1,Economics,Question 45: A cooperative country is most likely to have characteristics of both:,technology exchange and retaliation.,rules standardization and reciprocation.,harmonization of tariffs and arbitrary rules.,B
Mock Exam 2,1,Corporate Issuers,"Question 46: All else being equal, if interest expense is not tax deductible, as a company's marginal tax rate increases, the company's WACC:",decreases.,remains the same.,increases.,A
Mock Exam 2,1,Quantitative Methods,"Question 47: Consider the following 20 items listed in ascending order:

| -41 | -18 | -17 | -9 | -8 | -6 | -5 | 3 | 3 | 3 | 5 | 5 | 7 | 7 | 11 | 12 | 20 | 21 | 21 | 61 |

The median value of the items is closest to:",3.,4.,5.,B
Mock Exam 2,1,Financial Statement Analysis,Question 48: A company is forecasting 10% organic growth in revenues. The company believes sales volume will grow by 6.4%. The forecasted price/mix impact for the company is closest to:,3.4%.,17.0%.,56.3%.,A
Mock Exam 2,1,Quantitative Methods,Question 49: The term Big Data refers to:,structured data only.,unstructured data only.,both structured and unstructured data.,C
Mock Exam 2,1,Financial Statement Analysis,Question 50: Which of the following best describes the link between the cash flow statement and the balance sheet?,The cash flow statement reconciles changes in all accounts on the balance sheet,The statement’s investing activities section reconciles the changes in current assets on the balance sheet,The cash flow statement reconciles the beginning and ending balances of cash reported on the balance sheet,C
Mock Exam 2,1,Economics,"Question 51: Assuming its trading partner does not retaliate, which of the following conditions must hold in order for a large country to increase its national welfare by imposing a tariff?",It must have a comparative advantage in the production of the imported good,The deadweight loss must be smaller than the benefit of its improving terms of trade,It must auction the import licenses for a fee to offset the decline in the consumer surplus,B
Mock Exam 2,1,Quantitative Methods,Question 52: An analyst estimates the probabilities of three possible economic scenarios and the probabilities of a stock having a positive or a negative return in each scenario. These scenarios are best represented by a:,tree-map.,tree diagram.,probability density function.,B
Mock Exam 2,1,Economics,Question 53: An inflation-targeting central bank most likely has a medium-term inflation target sufficiently:,below zero to avoid the risk of deflation but high enough to ensure price stability.,above zero to avoid the risk of deflation but low enough to ensure price stability.,above zero to avoid the risk of inflation and high enough to ensure price stability.,B
Mock Exam 2,1,Economics,"Question 54: Assuming wages and prices are stable, which of the following policy combinations most likely leads to an increase in the private sector's share of GDP?",Easy fiscal and easy monetary policy,Tight fiscal and easy monetary policy,Easy fiscal and tight monetary policy,B
Mock Exam 2,1,Quantitative Methods,"Question 55: An investor gathers the following information:

|  | Account 1 | Account 2 | Account 3 |
|---|---:|---:|---:|
| Stated annual interest rate | 6.1% | 6.3% | 6.2% |
| Compounding frequency | Daily | Annual | Quarterly |

If a $1,000 deposit is made today, the future value in one year will be greatest for:",Account 1.,Account 2.,Account 3.,C
Mock Exam 2,1,Financial Statement Analysis,"Question 56: At year end, a company has non-convertible debt, ordinary shares, and employee stock options outstanding. The company’s capital structure is considered to be:","simple, if the options are antidilutive.","complex, because the company has both debt and equity.","complex, because the options are convertible into ordinary shares.",C
Mock Exam 2,1,Financial Statement Analysis,"Question 57: Which of the following is most likely to signal manipulation of financial reporting for a large, diversified company?",A history of large expense items classified as unusual,Operating margins out of line with other diversified companies,Changes in accounting policies to reflect new accounting standards,A
Mock Exam 2,1,Corporate Issuers,"Question 58: According to capital allocation principles, managers should ignore:",taxes.,the volatility of cash flows.,expenses that were already incurred.,C
Mock Exam 2,1,Quantitative Methods,"Question 59: An individual can invest $50,000 today and receive $56,000 in one year's time. If her required rate of return is 12.0%, the rate of return on the investment is:",less than the required rate of return.,equal to the required rate of return.,greater than the required rate of return.,B
Mock Exam 2,1,Financial Statement Analysis,Question 60: The entire cost of an intangible asset is most likely expensed when incurred if the asset is:,developed internally.,acquired through business combinations.,purchased in a transaction other than a business combination.,A
Mock Exam 2,1,Economics,Question 61: An argument for a country’s high national debt relative to GDP being a concern is when the debt:,is owed to domestic citizens.,is used for capital investments.,reduces private sector investing.,C
Mock Exam 2,1,Financial Statement Analysis,"Question 62: An analyst gathers the following information (in € millions) about three companies:

|  | Company 1 | Company 2 | Company 3 |
|---|---:|---:|---:|
| Days of inventory | 45 | 62 | 50 |
| Days sales outstanding | 30 | 45 | 53 |
| Days of payables | 25 | 60 | 48 |

The company with the shortest cash conversion cycle is:",Company 1.,Company 2.,Company 3.,B
Mock Exam 2,1,Economics,Question 63: Which of the following factors is most likely to lead to economies of scale?,Supply constraints,Duplication of product lines,Specialization by workers,C
Mock Exam 2,1,Financial Statement Analysis,"Question 64: An analyst gathers the following information (in € thousands) about a company's total current assets:

| Item | Amount |
|---|---:|
| Cash | 300 |
| Short-term marketable investments | 400 |
| Receivables | 100 |
| Inventory | 200 |

If the current ratio is 1.0, the quick ratio is:",0.7.,0.8.,0.9.,B
Mock Exam 2,1,Quantitative Methods,Question 65: The bootstrap resampling method:,guarantees that all items will appear in the resamples.,relies on an analytical formula to estimate the distribution of the estimators.,mimics the random sampling process by treating the randomly drawn sample as if it were the population.,C
Mock Exam 2,1,Economics,"Question 66: Assume the percentage increases in each of the following listed items:

| Item | Percentage Increase |
|---|---:|
| Real domestic exchange rate (USD/EUR) | 5% |
| Eurozone price level | 2% |
| US price level | 1.5% |

The predicted change in the nominal US spot exchange rate is closest to:",-0.5%.,4.5%.,5.5%.,B
Mock Exam 2,1,Financial Statement Analysis,Question 67: A company is prohibited from reversing the impairment loss on a long-lived asset classified as:,held for use under IFRS.,held for use under US GAAP.,held for sale under US GAAP.,B
Mock Exam 2,1,Financial Statement Analysis,Question 68: Unaudited financial statements are most likely presented in a(n):,annual report.,quarterly report.,proxy statement.,B
Mock Exam 2,1,Corporate Issuers,"Question 69: From the perspective of a corporate issuer, which of the following is a benefit of issuing debt rather than equity as a source of capital? Debt is most likely:",cheaper.,less risky.,more permanent.,A
Mock Exam 2,1,Financial Statement Analysis,"Question 70: Compared with its net income, a mature company’s operating cash flow is most likely:",lower.,the same.,higher.,C
Mock Exam 2,1,Quantitative Methods,"Question 71: In hypothesis testing, which of the following is stated in terms of population parameters?",The null hypothesis only,The alternative hypothesis only,Both the null hypothesis and the alternative hypothesis,C
Mock Exam 2,1,Financial Statement Analysis,"Question 72: An analyst gathers the following information (in £ millions) from a company's year-end balance sheet:

|  | Year 2 | Year 1 |
|---|---:|---:|
| Accounts receivable | 65 | 55 |
| Inventory | 120 | 140 |
| PP&E | 1,400 | 1,400 |
| Accumulated depreciation | 120 | 80 |
| Accounts payable | 25 | 40 |

During Year 2, net income was £860 million. There were no acquisitions or sales of property, plant, and equipment and no write-downs. Cash flow from operating activities (in £ millions) for Year 2 is:",855.,895.,925.,B
Mock Exam 2,1,Financial Statement Analysis,"Question 73: Costs incurred during the development phase that are related to internally generated, identifiable intangible assets:",must be expensed.,must be capitalized.,can be capitalized if certain criteria are met.,C
Mock Exam 2,1,Quantitative Methods,"Question 74: An analyst runs a simple linear regression using 35 months of data to assess a country's short-term interest rate as a function of its inflation rate, with the following results:

| Source | Degrees of Freedom | Sums of Squares | Mean Square |
|---|---:|---:|---:|
| Regression | 1 | 17.3009 | 17.3009 |
| Error | 33 | 20.2299 | 0.6130 |
| Total | 34 | 37.5308 | |

The value of the standard error of the estimate is closest to:",0.68.,0.78.,1.05.,B
Mock Exam 2,1,Corporate Issuers,"Question 75: If the cost of capital exceeds the return on invested capital, shareholder value will:",decrease.,remain the same.,increase.,A
Mock Exam 2,1,Financial Statement Analysis,"Question 76: An analyst gathers the following information (in € thousands) about an electronics manufacturing company:

|  | Year 2 | Year 1 |
|---|---:|---:|
| Cost of sales | 1,000 | 800 |
| Cost of ending inventory | 150 | 120 |
| Net realizable value of inventory | 125 | 160 |

Changes to the allowance for inventory obsolescence have already been reflected in cost of sales. The days of inventory on hand (based on average inventory and 365-day year) for Year 2 is closest to:",45.,49.,52.,A
Mock Exam 2,1,Economics,Question 77: The effectiveness of infrastructure spending as a near-term fiscal stimulant would be least constrained by the:,action lag.,impact lag.,recognition lag.,C
Mock Exam 2,1,Financial Statement Analysis,"Question 78: An analyst gathers the following information (in € millions) about a company's land reported under the revaluation model:

| Item | Amount |
|---|---:|
| Original cost | 12 |
| Fair market value at initial revaluation on 31 December Year 1 | 17 |
| Fair market value at second revaluation on 31 December Year 2 | 12 |

As a result of the second revaluation, the company recognizes in Year 2:",a €5 million loss on the income statement.,a €5 million loss in other comprehensive income.,neither a loss on the income statement nor a loss in other comprehensive income.,B
Mock Exam 2,1,Quantitative Methods,Question 79: The goal of ordinary least squares regression is to minimize the sum of the squared deviations between the observations of the dependent variable and the corresponding:,estimated values of the dependent variable.,observed values of the independent variable.,values of the true underlying dependent variable.,A
Mock Exam 2,1,Corporate Issuers,Question 80: Which of the following is most likely a motivation for leasing long term rather than purchasing a high-value asset?,Reduced exposure to obsolescence risk,Not having to recognize an asset on the balance sheet,Not having to recognize a liability on the balance sheet,A
Mock Exam 2,1,Financial Statement Analysis,Question 81: The most appropriate statement about financial ratio analysis is that it has limited use as an analytical tool for:,evaluating management.,comparing companies that use different accounting methods.,providing insights into microeconomic relationships within a company that help analysts project earnings.,B
Mock Exam 2,1,Financial Statement Analysis,Question 82: Which of the following could result in a permanent difference between accounting profit and taxable income?,Used tax credits,A tax loss carryforward,Difference between carrying amount and tax base of assets because of different depreciation methods,A
Mock Exam 2,1,Economics,"Question 83: An analyst gathers the following financial market information:

| Item | Value |
|---|---:|
| EUR/USD spot exchange rate | 0.9876 |
| 180-day USD risk-free rate | 1.00% |
| 180-day EUR risk-free rate | 1.20% |

EUR/USD is the amount of EUR per 1 USD. The 180-day EUR/USD forward exchange rate is closest to:",0.98662,0.98858,0.98956,B
Mock Exam 2,1,Corporate Issuers,Question 84: The static trade-off theory of capital structure most likely considers:,agency costs of equity.,information asymmetry.,the tax shield provided by debt.,C
Mock Exam 2,1,Financial Statement Analysis,Question 85: Which of the following can be calculated based on information from the balance sheet only?,Quick ratio,Debt coverage,Receivables turnover ratio,A
Mock Exam 2,1,Quantitative Methods,"Question 86: An investor is considering three investments:

• Investment 1 makes 20 annual payments of $50,000, starting one year from today.
• Investment 2 makes 25 annual payments of $45,000, starting today.
• Investment 3 makes $40,000 annual payments indefinitely, starting one year from today.

If the investor's discount rate is 10% per year, which investment has the highest present value?",Investment 1,Investment 2,Investment 3,B
Mock Exam 2,1,Corporate Issuers,Question 87: Which of the following most likely has the greatest access to capital?,Corporation,Limited partnership,General partnership,A
Mock Exam 2,1,Corporate Issuers,"Question 88: An analyst gathers the following information about a company's capital sources:

| Item | Value |
|---|---:|
| Target weight of debt | 25% |
| Target weight of equity | 75% |
| Before-tax marginal cost of debt | 4% |
| Marginal cost of equity | 12% |

If the marginal tax rate is 20% and interest expense is tax deductible, the company's WACC is:",9.80%.,10.00%.,10.25%.,A
Mock Exam 2,1,Quantitative Methods,"Question 89: An analyst gathers the following probability distribution of a company's earnings:

| Probability | Earnings ($ millions) |
|---:|---:|
| 0.25 | 100 |
| 0.70 | 300 |
| 0.05 | 600 |

The standard deviation of the company's earnings is closest to:",$115 million.,$134 million.,$375 million.,A
Mock Exam 2,1,Quantitative Methods,"Question 90: An investor purchases a security for ¥500,000. If the value of the security declines by 10% over the first 3-month period and then increases by 9% over the next 3-month period, the holding period return over the 6-month period is closest to:",-1.9%.,-1.0%.,-0.5%.,A
Mock Exam 2,2,Derivatives,Question 1: The price of a European call option is:,directly related to the price of the underlying and inversely related to volatility of the underlying.,directly related to volatility of the underlying and inversely related to the dividend yield of the underlying.,directly related to the dividend yield of the underlying and inversely related to the price of the underlying.,B
Mock Exam 2,2,Fixed Income,"Question 2: An analyst observes the following annual spot rates:

| Maturity | Spot Rate |
|---|---:|
| 1 year | 1.0% |
| 2 years | 1.1% |
| 3 years | 1.3% |

Based only on this information, the arbitrage-free price of a 3% annual-pay bond with a three-year maturity is closest to:",104.99.,105.48.,107.62.,A
Mock Exam 2,2,Portfolio Management,"Question 3: With respect to an IPS, which of the following best describes an absolute risk objective for a client's portfolio?",An annual tracking risk of less than 2 percent,"A twelve-month 95% value at risk of less than €1,000,000","Maintaining at least €10,000 in cash for planned monthly withdrawals",B
Mock Exam 2,2,Fixed Income,"Question 4: The average life of a mortgage pass-through security is two years. Six months ago, its average life was five years. Over the last six months, investors in the security have most likely experienced:",balloon risk.,extension risk.,contraction risk.,C
Mock Exam 2,2,Equity Investments,"Question 5: All else being equal, which of the following would lower a company's sustainable growth rate? A(n):",increased retention rate,decreased return on total assets,increased financial leverage ratio,B
Mock Exam 2,2,Alternative Investments,Question 6: Which of the following statements about real estate investments is most accurate?,Investors in real estate limited partnerships are exposed to unlimited liability,Free and clear ownership means that the property is unencumbered by a mortgage,REITs are required to retain most of their taxable income for future capital expenditures,B
Mock Exam 2,2,Derivatives,"Question 7: In the binomial model, if the probability of a downward movement in an underlying increases, the value of a call option:",decreases.,remains unchanged.,increases.,B
Mock Exam 2,2,Portfolio Management,Question 8: Which of the following is best classified as financial risk?,Market risk,Longevity risk,Accounting risk,A
Mock Exam 2,2,Equity Investments,"Question 9: For portfolio managers of active funds, market indexes are least useful as:",benchmarks.,model portfolios.,proxies to measure risk-adjusted performance.,B
Mock Exam 2,2,Equity Investments,Question 10: Which of the following is most likely an element of industry and competitive analysis?,Analyzing market share trends,Determining forecast objects and approaches,Analyzing uses of capital and sources of financing,A
Mock Exam 2,2,Fixed Income,Question 11: Duration is most accurate as a measure of interest rate risk for a bond portfolio when the slope of the yield curve:,stays the same.,decreases.,increases.,A
Mock Exam 2,2,Fixed Income,Question 12: Which of the following most likely exhibits negative convexity?,A callable bond,A putable bond,An option-free bond,A
Mock Exam 2,2,Portfolio Management,"Question 13: If a security’s return is plotted to the right of the market portfolio on the security market line, the security has a:",lower expected return and lower systematic risk than the market portfolio.,higher expected return and higher systematic risk than the market portfolio.,higher expected return and higher unsystematic risk than the market portfolio.,B
Mock Exam 2,2,Portfolio Management,Question 14: Emotional biases:,stem from impulses and intuition.,result in the same decision as assumed by traditional finance theory.,are more easily corrected through better information than cognitive biases.,A
Mock Exam 2,2,Alternative Investments,Question 15: Which of the following is most advantageous to the general partner of a private equity fund assuming no clawback provision?,American waterfall,European waterfall,Whole-of-fund waterfall,A
Mock Exam 2,2,Equity Investments,"Question 16: An investor buys a stock for $108 on margin by posting 40% of the initial stock price as equity. If the maintenance margin requirement for the position is 20%, a margin call first occurs when the share price falls below:",$64.80.,$81.00.,$86.40.,B
Mock Exam 2,2,Derivatives,Question 17: Which of the following derivative contracts most likely requires an upfront payment by the buyer at contract initiation?,Options only,Forwards only,Both options and forwards,A
Mock Exam 2,2,Alternative Investments,Question 18: Making a minority equity investment in a mature company that plans to expand operations best describes:,growth capital investing.,leveraged buyout investing.,development capital investing.,A
Mock Exam 2,2,Derivatives,Question 19: Arbitrage is best described as an opportunity to earn:,risk-free returns with no investment capital.,risk-free returns with large amounts of investment capital.,abnormal returns applying an absolute valuation methodology.,A
Mock Exam 2,2,Corporate Issuers,Question 20: Which of the following transactions is most likely to affect a company’s financial leverage ratio?,Payment of a 9% stock dividend,An increase in cash dividends paid,Completion of a previously announced 1-for-20 reverse stock split,B
Mock Exam 2,2,Equity Investments,"Question 21: All else being equal, non-cumulative preference shares most likely:",offer dividends that are less than common shares.,have a claim on net assets upon liquidation of the company.,receive one right to unpaid dividends prior to dividends being paid to common shareholders.,B
Mock Exam 2,2,Portfolio Management,"Question 22: As one moves to the right along an investor’s efficient frontier, a set increase in risk is most likely to lead to:",sequentially smaller increases in expected return.,consistent increases in expected return.,sequentially larger increases in expected return.,A
Mock Exam 2,2,Portfolio Management,Question 23: Risk-averse investors make investment decisions that maximize:,both return and risk.,return irrespective of risk.,return for the same amount of risk.,C
Mock Exam 2,2,Fixed Income,Question 24: Which of the following is most likely a factor that results in different credit ratings for debt issued by a subsidiary and debt issued by its parent company?,Differences in duration,Structural subordination,Cross-default provisions,B
Mock Exam 2,2,Equity Investments,"Question 25: An analyst gathers the following information about an index with a starting value of 1,000:

| Year | Price Return | Dividend Return |
|---|---:|---:|
| 1 | 4% | 2% |
| 2 | 6% | 3% |

The ending total return index value is closest to:","1,102.","1,150.","1,155.",C
Mock Exam 2,2,Fixed Income,"Question 26: An analyst gathers the following information about three bonds:

| Bond | Payment Frequency | Principal Amortization |
|---|---|---|
| 1 | Monthly | Yes |
| 2 | Quarterly | Yes |
| 3 | Monthly | No |

All else being equal, the bond with the greatest reinvestment risk is most likely:",Bond 1.,Bond 2.,Bond 3.,A
Mock Exam 2,2,Portfolio Management,"Question 27: In an equally weighted portfolio of many assets, an increase in the correlation between the assets' returns most likely decreases the portfolio's:",overall risk.,expected return.,diversification benefit.,C
Mock Exam 2,2,Equity Investments,Question 28: Which of the following best describes an advantage of the EV/EBITDA multiple for valuing equity? An advantage is that:,the multiple must be positive.,EBITDA is a proxy for operating cash flow.,it does not require the market value of debt.,B
Mock Exam 2,2,Derivatives,Question 29: The value of a swap contract at initiation is most likely equal to:,zero.,the price of the swap.,the present value of the fixed payments on the swap.,A
Mock Exam 2,2,Corporate Issuers,"Question 30: All else being equal, a cash dividend most likely has the same effect on shareholders’ wealth as:",stock split.,stock dividend.,share repurchase.,C
Mock Exam 2,2,Derivatives,Question 31: An arbitrage opportunity most likely exists if the price of a put option is less than the combined cost of:,"buying the underlying asset, buying the call, and buying a risk-free bond at the present value of the exercise price.","shorting the underlying asset, buying the call, and buying a risk-free bond at the present value of the exercise price.","shorting the underlying asset, buying the call, and shorting a risk-free bond at the present value of the exercise price.",B
Mock Exam 2,2,Equity Investments,Question 32: An analysis of the competitive positioning such as Porter's five forces is typically included in:,an initial company research report only.,a subsequent company research report only.,both initial and subsequent company research reports.,A
Mock Exam 2,2,Alternative Investments,"Question 33: With respect to private equity funds, quartile rankings:",are rarely used for performance evaluation.,include comparisons of different investment strategies.,are based on funds launched in the same vintage year.,C
Mock Exam 2,2,Equity Investments,"Question 34: In a semi-strong-form efficient market, which of the following is reflected in prices?",Past market data only,Private information only,Both past market data and private information,A
Mock Exam 2,2,Fixed Income,"Question 35: If a quarterly pay bond has an effective annual rate of 10%, the semiannual bond equivalent yield for this bond is closest to:",9.76%.,10.13%.,10.25%.,A
Mock Exam 2,2,Derivatives,Question 36: Which of the following positions requires the investor to satisfy an obligation upon option exercise?,Short put position,Long put position,Long call position,A
Mock Exam 2,2,Equity Investments,Question 37: Which of the following statements concerning a security market index is most accurate?,Estimated market prices of constituent securities are not used to calculate the index value,The divisor will be adjusted to prevent changes not related to prices of constituent securities,"At inception, the total return version of an index will be greater than the price version of an index",B
Mock Exam 2,2,Derivatives,Question 38: Which of the following best characterizes an interest rate swap?,A contingent claim derivative using LIBOR as a reference rate,A contingent claim derivative used to convert interest rate exposure from fixed-rate to floating-rate,A firm commitment derivative used by investment managers to change portfolio duration without trading bonds,C
Mock Exam 2,2,Portfolio Management,Question 39: Which of the following is best classified as a nonsystematic risk?,Political uncertainty,Widespread natural disasters,Bankruptcy of a major automobile producer,C
Mock Exam 2,2,Equity Investments,"Question 40: An analyst gathers the following information about a company's preferred shares:

| Item | Value |
|---|---:|
| Par value | $100.00 |
| Annual dividend per share | $6.00 |
| Current market price | $85.71 |
| Maturity | 10 years |

If the required rate of return is 7% and the company's marginal tax rate is 30%, the preferred shares are most likely:",undervalued.,fairly valued.,overvalued.,A
Mock Exam 2,2,Derivatives,Question 41: Which of the following transactions poses the risk of losing the greatest dollar amount?,Selling a put with a strike price of $15 for $0.90,Buying a call with a strike price of $15 for $11.25,Buying a put with a strike price of $37.50 for $12.75,A
Mock Exam 2,2,Fixed Income,"Question 42: When securitizing a corporation’s loans, a special purpose entity most likely:",services the corporation’s loans.,sells the collateral underlying the corporation’s loans.,purchases the corporation’s loans to use as collateral.,C
Mock Exam 2,2,Equity Investments,"Question 43: All else being equal, which of the following securities is the most risky for an investor?",Putable preference shares,Callable preference shares,Non-callable preference shares,B
Mock Exam 2,2,Equity Investments,Question 44: An investor analyzes the stock market of a specific country and discovers that the stock prices are very slow to reflect new information. The investor can best profit from this situation using a(n):,active fund.,passive fund.,low cost approach.,A
Mock Exam 2,2,Fixed Income,"Question 45: If a bond has a modified duration of 7.1 and convexity of 49.2, the percentage change in price for a 50 basis point increase in yield is closest to:",-3.61%.,-3.49%.,-1.65%.,B
Mock Exam 2,2,Portfolio Management,"Question 46: An analyst gathers the following information about a portfolio:

| Security | Standard Deviation | Portfolio Weight |
|---|---:|---:|
| A | 16% | 60% |
| B | 27% | 40% |

If the portfolio's standard deviation of returns is 20.4%, the correlation between the securities is closest to:",-1.,0.,1.,C
Mock Exam 2,2,Portfolio Management,Question 47: The capital asset pricing model (CAPM) is based on the assumption that investors are risk:,averse.,neutral.,seeking.,A
Mock Exam 2,2,Fixed Income,"Question 48: A buy-and-hold investor purchases a fixed-rate bond at issuance and holds it until maturity. With respect to interest rate risk, this investor is exposed to:",market price risk only.,coupon reinvestment risk only.,both market price risk and coupon reinvestment risk.,B
Mock Exam 2,2,Equity Investments,Question 49: The value effect anomaly:,contradicts semi-strong market efficiency.,was identified using time series of data only.,states that growth stocks have consistently outperformed value stocks.,A
Mock Exam 2,2,Fixed Income,Question 50: A bond's price sensitivity to a non-parallel shift in the benchmark yield curve is best measured by:,key rate duration.,effective duration.,modified duration.,A
Mock Exam 2,2,Fixed Income,Question 51: Which of the following instruments is most likely to offer investors some protection against increases in the market interest rate?,Fixed-rate bonds,Floating-rate notes,Inverse floating-rate notes,B
Mock Exam 2,2,Portfolio Management,"Question 52: An investor gathers the following information about a portfolio and the risk-free asset:

| Item | Value |
|---|---:|
| Average portfolio return | 8.50% |
| Portfolio standard deviation of returns | 16.00% |
| Portfolio beta | 1.10 |
| Risk-free asset return | 1.75% |

The portfolio's Sharpe ratio is closest to:",0.06.,0.42.,0.53.,B
Mock Exam 2,2,Portfolio Management,Question 53: Which of the following types of investors most likely has a long-term investment time horizon and high liquidity needs?,Endowments,Life insurance companies,Defined benefit pension plans,B
Mock Exam 2,2,Fixed Income,"Question 54: All else being equal, which of the following bonds most likely has the lowest price?",Putable bond.,Callable bond,Option-free bond,B
Mock Exam 2,2,Fixed Income,"Question 55: Using the rating scale from Standard & Poor's or Fitch, the lowest rating for an investment-grade bond is:",BBB-.,BBB.,BBB+.,A
Mock Exam 2,2,Portfolio Management,"Question 56: If a risk-free asset is added to a portfolio of risky assets, the highest achievable return for a given level of risk most likely:",decreases.,remains unchanged.,increases.,C
Mock Exam 2,2,Derivatives,Question 57: Which of the following statements best describes the relationship between the net costs of carry and the forward price?,"If the benefits of carry exceed the costs, the forward price would be higher","If the costs of carry exceed the benefits, the forward price would be higher","If the benefits exceed the costs of carry, the forward price would be lower",B
Mock Exam 2,2,Derivatives,Question 58: A European call option is in the money whenever the value of the underlying is:,less than the exercise price.,equal to the exercise price.,greater than the exercise price.,C
Mock Exam 2,2,Derivatives,"Question 59: Compared to trading an underlying directly, trading a derivative on the underlying most likely involves:",lower transaction costs.,a lower degree of leverage.,a larger amount of required capital.,A
Mock Exam 2,2,Alternative Investments,Question 60: Which of the following statements about alternative investments’ compensation structures is most accurate?,A hurdle rate protects clients from paying twice for the same performance,The management fee for a private equity fund is based on committed capital until fully drawn,The management fee is earned only after the fund achieves a return known as a high-water mark,B
Mock Exam 2,2,Derivatives,"Question 61: According to put-call forward parity, a long put is equal to:","a long call, a long risk-free bond and a long forward.","a long call, a long risk-free bond and a short forward.","a short call, a long risk-free bond and a short forward.",B
Mock Exam 2,2,Equity Investments,"Question 62: An analyst gathers the following information about a margin transaction:

| Item | Value |
|---|---:|
| Initial stock price | $80 |
| Leverage ratio | 2.5 |

If the first margin call occurs at a stock price below $60, the maintenance margin is closest to:",15.0%.,20.0%.,46.7%.,B
Mock Exam 2,2,Fixed Income,"Question 63: An analyst uses a valuation model to estimate the value of an option-free bond at 92.733 to yield 11%. If the value is 94.474 for a 60 bps decrease in yield and 91.041 for a 60 bps increase in yield, the approximate modified duration of the bond is closest to:",1.85.,3.09.,6.17.,B
Mock Exam 2,2,Alternative Investments,Question 64: A hedge fund that implements trades based on a top-down analysis of expected movements in economic variables most likely uses a(n):,macro strategy.,relative value strategy.,event-driven strategy.,A
Mock Exam 2,2,Fixed Income,"Question 65: An analyst gathers the following information about three bonds:

| Bond | Issuer Credit Rating | Total Issuer Debt Outstanding ($ Billions) |
|---|---|---:|
| 1 | B | 1 |
| 2 | BB | 1 |
| 3 | BB | 30 |

All else being equal, the bond with the greatest market liquidity risk is most likely:",Bond 1.,Bond 2.,Bond 3.,A
Mock Exam 2,2,Fixed Income,"Question 66: Four years ago, a 5% coupon, annual-pay bond with a 10-year maturity was issued at par. If the current market discount rate is 7%, the price of the bond per 100 of par value is closest to:",90.34.,90.47.,93.23.,B
Mock Exam 2,2,Portfolio Management,"Question 67: In an investment policy statement, which of the following investment constraints most likely outlines a client's preference for environmentally sustainable investments?",Time horizon,Unique circumstances,Legal and regulatory factors,B
Mock Exam 2,2,Portfolio Management,"Question 68: For an institutional investor, the investment committee's approach to appointing and reviewing investment managers for the portfolio is most likely set out during the:",portfolio construction process.,strategic asset allocation decision.,preparation of the investment policy statement.,C
Mock Exam 2,2,Fixed Income,"Question 69: All else being equal, for option-free bonds, the percentage price change for a given yield change is most likely greater for a bond:",with a high coupon than for a bond with a low coupon.,with a short time-to-maturity than for a bond with a long time-to-maturity.,when the market discount rate goes down than when the market discount rate goes up.,C
Mock Exam 2,2,Portfolio Management,Question 70: Which of the following statements is most accurate? Smart beta strategies:,invest in high market beta stocks to generate an abnormal return.,use simple rules-based strategies as a basis for investment decisions.,typically have lower portfolio turnover than passive market-cap weighted strategies.,B
Mock Exam 2,2,Alternative Investments,"Question 71: An analyst gathers the following information about a hedge fund:

| Item | Value |
|---|---:|
| Beginning-of-year AUM | £200,000,000 |
| Management fee (based on end-of-year AUM before fees) | 2% |
| Incentive fee | 10% |
| Soft hurdle rate | 5% |
| Annual return before fees | 20% |

If the incentive fee is calculated independently of the management fee, total fees for the year are:","£7,800,000.","£8,320,000.","£8,800,000.",C
Mock Exam 2,2,Economics,Question 72: Which of the following is most likely one of the main functions of the financial system?,Determining an equilibrium interest rate,Ensuring that markets are informationally efficient,Ensuring that all investment projects receive sufficient funding,A
Mock Exam 2,2,Derivatives,Question 73: Which of the following is most likely a distinction between futures and forward contracts? Futures contracts are:,easily customized.,traded on an exchange.,more attractive than forwards for long positions when futures prices are negatively correlated to interest rates.,B
Mock Exam 2,2,Alternative Investments,Question 74: Which of the following is most likely a long-term benefit of adding alternative investments to a portfolio of traditional investments?,Enhanced liquidity of the combined portfolio,High correlation with traditional asset returns,Improved risk-return profile of the combined portfolio,C
Mock Exam 2,2,Alternative Investments,"Question 75: In the event of a default, which of the following mortgage structures exposes a lender to the greatest risk of loss?","Interest-only, recourse loan","Fully amortizing, recourse loan","Balloon payment, non-recourse loan",C
Mock Exam 2,2,Alternative Investments,Question 76: Which of the following statements about infrastructure investing is most accurate? Infrastructure:,assets are typically unlevered.,assets are intended for public use.,assets have typically a negative correlation with inflation.,B
Mock Exam 2,2,Equity Investments,"Question 77: An investor uses the following data and Gordon’s constant growth dividend discount model to evaluate a company’s common stock. To estimate the growth rate, she uses the average value of the compounded annual dividend growth rate over the period of Year 1 to Year 6, and the dividend payout ratio for Year 6:

| Year | Earnings per Share | Dividend per Share | Return on Equity |
|---|---:|---:|---:|
| 6 | $3.20 | $1.92 | 12% |
| 5 | $3.60 | $1.85 | 17% |
| 4 | $2.44 | $1.74 | 13% |
| 3 | $2.08 | $1.62 | 15% |
| 2 | $2.76 | $1.35 | 11% |
| 1 | $2.25 | $1.25 | 9% |

If her required return is 15%, the stock’s intrinsic value is closest to:",$25.31.,$23.71.,$30.14.,A
Mock Exam 2,2,Fixed Income,Question 78: Which of the following is least likely a component of yield spread?,Taxation,Credit risk,Expected inflation rate,C
Mock Exam 2,2,Equity Investments,Question 79: The earnings multiplier for a stock increases with a decrease in the:,expected dividend growth rate.,expected dividend payout ratio.,estimated required rate of return on equity.,C
Mock Exam 2,2,Fixed Income,Question 80: The most appropriate measure of interest rate risk for a bond to a parallel shift in the benchmark yield curve is:,effective duration.,modified duration.,Macaulay duration.,A
Mock Exam 2,2,Portfolio Management,Question 81: A successful portfolio risk budget will most likely:,be based on multiple sources of risk.,produce superior performance compared to passive investing.,lead to investment in assets with the highest return per unit of risk.,C
Mock Exam 2,2,Equity Investments,"Question 82: In an order-driven market, if the trade price is determined by the limit price of an order, the market most likely operates under the:",uniform pricing rule.,derivative pricing rule.,discriminatory pricing rule.,C
Mock Exam 2,2,Derivatives,"Question 83: An investor sells a European put option with the following characteristics:

| Item | Value |
|---|---:|
| Put price | 50 |
| Exercise price | 1,640 |

If the price of the underlying at expiration is 1,670, the profit for the seller is:",20.,30.,50.,C
Mock Exam 2,2,Equity Investments,Question 84: Validity instructions indicate:,how to fill an order.,when an order may be filled.,how to arrange final settlement of an order.,B
Mock Exam 2,2,Derivatives,"Question 85: When the forward price of a commodity exceeds the spot price, the commodity market is most likely in:",carry.,contango.,backwardation.,B
Mock Exam 2,2,Alternative Investments,Question 86: Which of the following is private debt funding used by companies that are in the seed stage of their life cycle?,Venture debt,Direct lending,Mezzanine financing,A
Mock Exam 2,2,Fixed Income,"Question 87: For a fixed-rate bond, Macaulay duration is:",unrelated to the bond’s yield-to-maturity.,inversely related to the bond’s yield-to-maturity.,positively related to the bond’s yield-to-maturity.,B
Mock Exam 2,2,Portfolio Management,"Question 88: With respect to portfolio construction, combining long-term capital market expectations with the objectives and constraints from the investment policy statement determines a portfolio's:",security selection.,tactical asset allocation.,strategic asset allocation.,C
Mock Exam 2,2,Alternative Investments,Question 89: The correlation of cryptocurrencies with traditional assets has been:,decreasing.,steady.,increasing.,C
Mock Exam 2,2,Alternative Investments,"Question 90: An investment has initial capital of $100 million, a return at the end of one year of 12%, a management fee based on assets under management of 1%, and an incentive fee based on the return net of the management fee of 10%. Assume management fees are calculated using end-of-period valuation. The investor’s net return given this fee structure is closest to:",9.68%.,9.79%.,10.88%.,B
